,순위,이름,가격,링크
0,1,Apple 아이폰 13 256GB [자급제],"1,149,930원",https://cr.shopping.naver.com/adcr.nhn?x=ALiOspQtEMp77piNERUd6f%2F%2F%2Fw%3D%3DsfeKziOdgwdxUcMq7Fjw9bw1jA3w6Gfi0ALjFClBNF71N4NgkrPIjlczCBjhk2dSMZzpTyMbYdrbrB7koqCG5FX09buT0N7s5bUIsty5yh4NDg7Eb2AEFXEt3BDWc7fqth4r8rhbORPICZffqj%2FAKVcv%2BjB2erv%2BZ%2Brrs5VHOiTQgGE7%2BZatKjf5hEf1XctkKBJI0dviJF7aVxSP3I1r8G5bkCnZt3PKDnGtnPfTpWXV9gLRMuJH34gK%2BdKxxm2wLT2orIRCkILVzs7MW8qwakVYRd5fBJq5s%2B7SpRrFB889r6kdrp7BvT8OlwZ7P37YyZp%2FuhVWf5tMOyu5R2EADu7lB2PW1NjAImsz70Vy8QW06JIeyjRJJG8AQSjlBThBKRuaDR2LrEXFDwvTptY5wkd42zEVOHkRt1m9hvixzMvciNvEAyH7XT6ObGe95mRdUsw%2FEBFoDxdMAZ4HSpGP%2F1sbbTrOhMmQpEkp4UEtzKmSE4FQdvRmo7oxOSvwywmch%2BPn%2F0%2FsFFiwjT7S5BsR0E%2BRg4eK2XUFKROWQVuZgoHoRpOFzCbaM6OU97uoPifjrCkYz%2BXp9bIKU%2BtWSUh3jCaG4TPrP4B0lDHB%2F0QSh8GLNjqh%2FZemCCOboDhnweAmG&nvMid=29029192591&catId=50001519
1,2,Apple 아이폰 13 미니 128GB [자급제],"902,300원",https://cr.shopping.naver.com/adcr.nhn?x=GVNCGIZRf6gVab2oSJ2gOv%2F%2F%2Fw%3D%3DsO5yYkZoXADD1kAVMfLM%2FP9eRER6N3X5wiRptIyGSyb2GgjNtjvRyY8TaEm3AQ5Uw2RtWGKelByXv7YZqnF4ZsIHcJpCtXkCwL8WTXy5Wb2a99TfCRh%2Bm%2BispSy7pdOq72osNQb%2FC%2BqqSphXr0C1l2N9%2BKy%2Fm0d%2BgYWHtEf61Jo5CNclKwvLyA%2Fys%2F%2FHPPajL6vmS6IPw0N8PQDlZk4TeMmNmcbgLr0lu2cCLGgyX7c9vsepmwRk8o%2FCB4DgHhnjVzCLgL8%2Bz90W8pE9SRBBMdlg7gCbqmWxpcdI7rnSPXIU%2Fa18qhDQ1A%2FKJp3fgBDor391W%2FC1w5SVs2sYtTdFSenDUepOkit2bOK88CrOt1%2BZqLzcRVswO%2FNXTrA15l4GNbF4OZVL2Q%2FcwuxYvViSThzGbkeYhnXlLdW%2BW%2BH9FFgycPfwzF9ktWcxdrcTtO8KUh7eRXhvx%2B18MP%2FzLgC0qJUfTmu80PPs%2FMBPhnIzy5qt1I8EDCh5n2RBrPUf%2BYM4BX8a%2FHvPOPEuDd1Ce%2FzZYNcwdHQz8Aha432j8o517aw5MZtVRF4i8rrGPu3W3OVixpuWmPUn4omDthcd%2BJi5EGqpHc4QZv48mvdmx%2FzRtnWtXc50eBITwugSNPH3Ok09sVpGw61BSdoQRvEGgfFlc5w%3D%3D&nvMid=29030650586&catId=50001519
2,3,Apple 아이폰 13 프로 256GB [자급제],"1,384,930원",https://cr.shopping.naver.com/adcr.nhn?x=VDqodNDcAZawVA9TRjLjM%2F%2F%2F%2Fw%3D%3DsR3Wa38apZYe66PxYiH7KYDm1RE9z2b4yORVj9izZoH6GgjNtjvRyY8TaEm3AQ5UwEW0Dd732omGlCN8emcCM2YHcJpCtXkCwL8WTXy5Wb2a99TfCRh%2Bm%2BispSy7pdOq72osNQb%2FC%2BqqSphXr0C1l2N9%2BKy%2Fm0d%2BgYWHtEf61Jo5CNclKwvLyA%2Fys%2F%2FHPPajL137zj6xS8KLGHM26HEneD2NmcbgLr0lu2cCLGgyX7c9vsepmwRk8o%2FCB4DgHhnjVzCLgL8%2Bz90W8pE9SRBBMdlg7gCbqmWxpcdI7rnSPXIU%2Fa18qhDQ1A%2FKJp3fgBDor391W%2FC1w5SVs2sYtTdFSesMIwpZutwZBZUq6YOU0LGpqLzcRVswO%2FNXTrA15l4GNbF4OZVL2Q%2FcwuxYvViSTh0E9aMCpk%2FCUyAqM9nV%2BMhucPfwzF9ktWcxdrcTtO8KUh7eRXhvx%2B18MP%2FzLgC0qJXTg%2FsEJVpHzqP6kybO7iXl1I8EDCh5n2RBrPUf%2BYM4BX8a%2FHvPOPEuDd1Ce%2FzZYNfQjfdVLKsO%2Bcp43QfUiJ1n5Y2o%2F4J1jfD0lSXsJe4NzyD9SHVzxR71Wjlvmga%2FOr1L9ePEIWuthDuFwqblLrCRWhZ3SMHTcLlpircdRzUgq1JIslBmdxaTx7xO1%2BPPoWw%3D%3D&nvMid=29030492586&catId=50001519
3,4,Apple 아이폰 13 128GB [자급제],"1,008,720원",https://cr.shopping.naver.com/adcr.nhn?x=4Dm5%2FXfpUoUSADtuzTMXz%2F%2F%2F%2Fw%3D%3DsEoXYzTqeTomZsZqQ0trQ8pDz1snn0JBRso%2FhkSrC2feGgjNtjvRyY8TaEm3AQ5UwRuwB%2F31VWFPnxqAq5zSdR4HcJpCtXkCwL8WTXy5Wb2a99TfCRh%2Bm%2BispSy7pdOq72osNQb%2FC%2BqqSphXr0C1l2N9%2BKy%2Fm0d%2BgYWHtEf61Jo5CNclKwvLyA%2Fys%2F%2FHPPajL5rmSYJSQ7Q%2FSdegndTkuDGNmcbgLr0lu2cCLGgyX7c9vsepmwRk8o%2FCB4DgHhnjVzCLgL8%2Bz90W8pE9SRBBMdlg7gCbqmWxpcdI7rnSPXIU%2Fa18qhDQ1A%2FKJp3fgBDor391W%2FC1w5SVs2sYtTdFSerjyln9bg8nRUPHIh5oAqgFqLzcRVswO%2FNXTrA15l4GNbF4OZVL2Q%2FcwuxYvViSTh90ZSBhE17JBT25ZWZRY%2FKGcPfwzF9ktWcxdrcTtO8KUh7eRXhvx%2B18MP%2FzLgC0qJdAg7C6WNSwBfl6I6g1ROlIlDv77rgQoH8LCOsgmhGGjhejKyKKQJPosYkFFU2iKXp8tlI8u6uCNrHqqMYUyZCINauEcRynSn%2F8orOK7nc90Ueey0OQOUZICLMVdmchgcVB53eO35NPYnjXZlHnW%2BlSFbDf4gHI5rSMJU1BWcIOg&nvMid=29030374587&catId=50001519
4,5,Apple 아이폰 13 프로 128GB [자급제],"1,255,000원",https://cr.shopping.naver.com/adcr.nhn?x=37VlK0ohiCw7AvuVE9869P%2F%2F%2Fw%3D%3DsasW%2FdLlgGSV4i48Y6Q%2Fk1eAQ6WnfAQQ%2BNMUeeUsBlAxN4NgkrPIjlczCBjhk2dSMPR3MR1tsO8GULVpwBfRODn09buT0N7s5bUIsty5yh4NDg7Eb2AEFXEt3BDWc7fqth4r8rhbORPICZffqj%2FAKVcv%2BjB2erv%2BZ%2Brrs5VHOiTQgGE7%2BZatKjf5hEf1XctkK2geXZy3Q9F6n45539rDBRZbkCnZt3PKDnGtnPfTpWXV9gLRMuJH34gK%2BdKxxm2wLT2orIRCkILVzs7MW8qwakVYRd5fBJq5s%2B7SpRrFB889r6kdrp7BvT8OlwZ7P37YyZp%2FuhVWf5tMOyu5R2EADu0A4%2B5T2zLqfK1%2FwnFkRHN86JIeyjRJJG8AQSjlBThBKRuaDR2LrEXFDwvTptY5wkfr86rd8M1jdgUjH1e%2FsDI8iNvEAyH7XT6ObGe95mRdUsw%2FEBFoDxdMAZ4HSpGP%2F1ik8f%2FiWvMO27Psyw5wH0mki5HSrzhhCOMWuXdZxvGXvk9L6rt0SOVsUsc5EylGdlf2kq20GE5XnyctaBdz6cyGhYZ%2FhI%2FkN84je6k%2F%2BbfyXwLzthabm4MU%2BeiRklgYjyo31wjj7%2F9MMLL8OXl9w7JLHICEQpPL7Rm%2B2fyhjEhHR&nvMid=29030420587&catId=50001519
5,6,Apple 아이폰 13 프로 맥스 256GB [자급제],"1,532,940원",https://cr.shopping.naver.com/adcr.nhn?x=63AUr2qDCawL6fsF4pjE7f%2F%2F%2Fw%3D%3DsmWdBR2olTorfxPWc%2F4amur5zg1yAzfGY%2FOwCYMZNbu%2FrlQPyQuHoHFsppYbPEdHaIDsgj36pgNEiQpzu6pYIadnHAHVCHqFUza2fSUz7t9JIWqaG65E%2B%2FnYHhUeNrRNqWL9LdJGpvn0YwfTRYq0Vp4ZnlrSZr8PDPdBCvs8uWtdeJxHcKH4rYUhc5SxvGs%2FQd21xfd7DUFPIJY7CJPJjZCJO7jbxAC%2FhHJnJbE9pD225SET%2FmTh%2Bwr3iKnDGr9FRgw15qj6RIotcQ%2FS1VkhDBYJR6gV00gYoZaXd6deWodOAbCY81f975eS5nfR25FBiP83WAv8GAIoQ0MwLPWeb%2FeCAmiJO%2Fp85OBKlqcA7gyUhIW%2Fufm4Ai1g%2Bbn5o8FWgvX82Y5Ils9cLeBDu1LyZBypx6ZcRQfXgzncMMBEUgSygIX25kXOk%2FUPdTKqFSCOqDgcKWP7TrEwfWP0fV1BFewstxKXYfuaTY89uFKbdXCB8yCKT6GPhhsVeKu8TBI1nmWXdAuntmcqbOFOk%2BQxKwb3EHiGgBiCEEZyXK87%2B6sUr9wbbT8fu7mNjCdQBkNrvramjBwCZI9AwCV4mCTWQmb2V5%2B7Y2IPe41Oy%2FG7sZm66K%2BQN1Y7%2BrWjD9rPXFllFy1Vhq%2FH77x9Zlr1IFzyuow%3D%3D&nvMid=29030294588&catId=50001519
6,7,Apple 아이폰 13 미니 256GB [자급제],"1,009,770원",https://cr.shopping.naver.com/adcr.nhn?x=vuy2MrHam18UMWJJOPu%2ByP%2F%2F%2Fw%3D%3DsMdRM7tczhoOmmcgVy9ZhK8Vf51U2qX53l%2F%2Bq644Q%2Fn2GgjNtjvRyY8TaEm3AQ5UwW5blkWtrklhj1reUzLr%2BxoHcJpCtXkCwL8WTXy5Wb2a99TfCRh%2Bm%2BispSy7pdOq72osNQb%2FC%2BqqSphXr0C1l2N9%2BKy%2Fm0d%2BgYWHtEf61Jo5CNclKwvLyA%2Fys%2F%2FHPPajLdmjiUNRuai273zzzcAG2XmNmcbgLr0lu2cCLGgyX7c9vsepmwRk8o%2FCB4DgHhnjVzCLgL8%2Bz90W8pE9SRBBMdlg7gCbqmWxpcdI7rnSPXIU%2Fa18qhDQ1A%2FKJp3fgBDor391W%2FC1w5SVs2sYtTdFSeiV7Tf8IYC2bDVWfjSy1bwxqLzcRVswO%2FNXTrA15l4GNbF4OZVL2Q%2FcwuxYvViSTh3ghBdD6NT46gqzIKGQccHmcPfwzF9ktWcxdrcTtO8KUh7eRXhvx%2B18MP%2FzLgC0qJby0W5mjv%2Fw8F%2Fs1QNhsn6h1I8EDCh5n2RBrPUf%2BYM4BX8a%2FHvPOPEuDd1Ce%2FzZYNXsaSYZTVXdV3hnyZglHsZri0RHhj6QXo8fBoVOwgE4%2BFQwuyGCI%2Bg3dUVY%2FXoQXMUcyi618WvzPGwbsEGBXmTlWhZ3SMHTcLlpircdRzUgq1JIslBmdxaTx7xO1%2BPPoWw%3D%3D&nvMid=29030437590&catId=50001519
7,8,Apple 아이폰 13 프로 맥스 128GB [자급제],"1,445,230원",https://cr.shopping.naver.com/adcr.nhn?x=zQtM9wjNSBkFH5Xkr5avYf%2F%2F%2Fw%3D%3DsgjH3kSiL7CTeh%2BmPX%2BfJ0JvPbNDKQy49GVsjLByuHDpN4NgkrPIjlczCBjhk2dSMb6k3kQFFKMviFuJcRo1ya309buT0N7s5bUIsty5yh4NDg7Eb2AEFXEt3BDWc7fqth4r8rhbORPICZffqj%2FAKVcv%2BjB2erv%2BZ%2Brrs5VHOiTQgGE7%2BZatKjf5hEf1XctkKCjNzjsdpE73XW2e7c9P%2FXJbkCnZt3PKDnGtnPfTpWXV9gLRMuJH34gK%2BdKxxm2wLT2orIRCkILVzs7MW8qwakVYRd5fBJq5s%2B7SpRrFB889r6kdrp7BvT8OlwZ7P37YyZp%2FuhVWf5tMOyu5R2EADu827Oy3H0LyoG%2BjBDO5Af5o6JIeyjRJJG8AQSjlBThBKRuaDR2LrEXFDwvTptY5wkSjiK%2BhigMzM6vFxlpUNisAiNvEAyH7XT6ObGe95mRdUsw%2FEBFoDxdMAZ4HSpGP%2F1mbbRE4sNae2UQATiGzSdWpxsF7LFolFgeQFlnrP8JWR8jR8gVF8FlQ9pItE8Zzc8o5OpPILnUhe%2F2tk6F8O8wovQ1xNswkb7m3dkKyrLVEOjr%2Fvhuz%2FM2bOeEg7k3nONY3UwoGHDs6FIh3JFlg16cD0UbNk5di1V8jUMbmtHii%2FBq7h9PA5SrIXrcWPClBGWw%3D%3D&nvMid=29030367587&catId=50001519
8,9,Apple 아이폰 13 프로 맥스 512GB [자급제],"1,781,250원",https://cr.shopping.naver.com/adcr.nhn?x=vObm28DyV8Nd7qodD7mH7%2F%2F%2F%2Fw%3D%3DsZqUTNKY0enitwKwLXWNMEEm1kV9eo5X6zTn%2FFGstfrJN4NgkrPIjlczCBjhk2dSMEGItUnD03JuwyICPwbAvZn09buT0N7s5bUIsty5yh4NDg7Eb2AEFXEt3BDWc7fqth4r8rhbORPICZffqj%2FAKVcv%2BjB2erv%2BZ%2Brrs5VHOiTQgGE7%2BZatKjf5hEf1XctkKwzZoEE1irv0jVFjUiTpIZJbkCnZt3PKDnGtnPfTpWXV9gLRMuJH34gK%2BdKxxm2wLT2orIRCkILVzs7MW8qwakVYRd5fBJq5s%2B7SpRrFB889r6kdrp7BvT8OlwZ7P37YyZp%2FuhVWf5tMOyu5R2EADu1xt4dDzo2x9cntn%2BA6qiyg6JIeyjRJJG8AQSjlBThBKRuaDR2LrEXFDwvTptY5wkcumofbXYj946r2GYPS3uK4iNvEAyH7XT6ObGe95mRdUsw%2FEBFoDxdMAZ4HSpGP%2F1ooxK4oNyEnYnImnO7rEtZEWD%2BrNa4qE%2Bx%2FvqVwvK7Ta8jR8gVF8FlQ9pItE8Zzc8kDcOTltB%2BSxWBB9IUfXZmrKm8gjsXeL8C9leLShBmxyjr%2Fvhuz%2FM2bOeEg7k3nONUY3H6h51x8s0f1aC0NvrzRjtEEnHZo%2B%2FVuCJHvsmHjrDVCYCaeglF2rgr1u2OQIzQ%3D%3D&nvMid=29029192586&catId=50001519
9,10,Apple 아이폰 13 미니 512GB [자급제],"1,259,000원",https://cr.shopping.naver.com/adcr.nhn?x=g7yKDzsSnmQ2%2FP9bdncdrP%2F%2F%2Fw%3D%3Dsg1puiPqsuAgJNpugcDSo2o9AYxT%2BQNYzyCdmVs5LMITki%2BKi8JKVq%2BgPpCyk2Hugw5kQv%2FaTwgGuzS2aJLRsVqc%2F1cBWQMD52VKA2sGf%2FJ%2FftmMQC%2FnBq2YK4Map0biZFMrTQC0sUFLt7%2Bu%2FTbc%2FFLngnxQ7ssMZd09T0OjyjIyEQne6246UF7e42c1JQLFz6Q0rUuGUGIUlJAahHi5Y6TX9%2BvO8%2BmWiKajsR%2BGu%2Fileb9B8VSwckvD88%2Bj6QFWRXiUeIaE1G5xH2Ex98AtqzUgAn8lD2%2BxrgblrBqYwPdWKx7G3krbJiQXzryuwwOqJ46ESuCUOxV7vOs%2FRdXHLft9CgVURQUSvVsia%2BQYudNbYe9CsbWrnsboog%2B94RL%2FIQCJs%2BBVHRh5KDWui1lVD8IRe7uHgyNF3WXsM9BHB6lpFx37WIyrziE4Ps6WrDu%2FEC%2BPCK4hWZVak%2FmlGHuf2bNYrmhd6z3mr51lBlAzJFvLL%2FnGINkSYp%2Bd2xAAY7UDnbkvF4WlDWhQobJdwWHNTv6wOxxShxp5q8EMKOp%2FrQHJicchwRNwmJ84TyxvjggzFH4ou3Oturo8Z3L6CAxDYm3zqJfkmL5x%2BfgSLmbgawWcOEsHC78VBLnFZh%2FnDobeN&nvMid=29030296587&catId=50001519
10,11,Apple 아이폰 13 프로 512GB [자급제],"1,609,900원",https://cr.shopping.naver.com/adcr.nhn?x=uYSsOLhpDkOljFq4KikGDf%2F%2F%2Fw%3D%3Ds9AtnztLaFAsfyn18qEztzUW3S7R2g%2BEFzqGISl1pKkSGgjNtjvRyY8TaEm3AQ5UwgJudnaU%2F9com5CZ7LOB79YHcJpCtXkCwL8WTXy5Wb2a99TfCRh%2Bm%2BispSy7pdOq72osNQb%2FC%2BqqSphXr0C1l2N9%2BKy%2Fm0d%2BgYWHtEf61Jo5CNclKwvLyA%2Fys%2F%2FHPPajLiYCoXVZpYWHK%2BSJmDHKCzmNmcbgLr0lu2cCLGgyX7c9vsepmwRk8o%2FCB4DgHhnjVzCLgL8%2Bz90W8pE9SRBBMdlg7gCbqmWxpcdI7rnSPXIU%2Fa18qhDQ1A%2FKJp3fgBDor391W%2FC1w5SVs2sYtTdFSev59SBJcLBjw4IWo1q4927hqLzcRVswO%2FNXTrA15l4GNbF4OZVL2Q%2FcwuxYvViSTh%2BUV4Lx8PdPqo0f%2FEWwZ9x6cPfwzF9ktWcxdrcTtO8KUh7eRXhvx%2B18MP%2FzLgC0qJeB1cSmYxtfRhC%2F4HS0b6yJ1I8EDCh5n2RBrPUf%2BYM4BX8a%2FHvPOPEuDd1Ce%2FzZYNU3VOzC40adZMbXUFpeo%2BvGSBR5M2shKxwUtOCfRtaTgMCx0oZ8VPc5NxzlDo0F4fZ75LVKgseTcMd%2BYoEIjF8BWhZ3SMHTcLlpircdRzUgq1JIslBmdxaTx7xO1%2BPPoWw%3D%3D&nvMid=29030416587&catId=50001519
11,12,Apple 아이폰 13 프로 맥스 1TB [자급제],"2,033,950원",https://cr.shopping.naver.com/adcr.nhn?x=6SyLS3davIaCl1vvYIhQ6P%2F%2F%2Fw%3D%3DsyDu0TWFySBZ9X6UhO0Vz1AuX6oWQiFTlb7IMI3kmq0RN4NgkrPIjlczCBjhk2dSMWhLUMh4s0M9QVVV5NESwh309buT0N7s5bUIsty5yh4NDg7Eb2AEFXEt3BDWc7fqth4r8rhbORPICZffqj%2FAKVcv%2BjB2erv%2BZ%2Brrs5VHOiTQgGE7%2BZatKjf5hEf1XctkKaTi1gS9Bk8v8CfyRr5Y7JZbkCnZt3PKDnGtnPfTpWXV9gLRMuJH34gK%2BdKxxm2wLT2orIRCkILVzs7MW8qwakVYRd5fBJq5s%2B7SpRrFB889r6kdrp7BvT8OlwZ7P37YyZp%2FuhVWf5tMOyu5R2EADuxiwDQU54yV5JFvZBnuQUG06JIeyjRJJG8AQSjlBThBKRuaDR2LrEXFDwvTptY5wkeka0Jkw1HaXkrcvTwRjPIciNvEAyH7XT6ObGe95mRdUsw%2FEBFoDxdMAZ4HSpGP%2F1pX9tJKCP7b5KKDylXiHlhEN%2FOXq06xFLlMCwNDQObjPLcqEhOiscytOptfh0D9%2BAhMvoWJm4MsF06%2BKgL3Nir7VgVqyOfulWEMdU0sGfCPCv4YGjJCSIW1IvBxXT1wG9z2N8nXOTsEqlrlbDmLkyjdjtEEnHZo%2B%2FVuCJHvsmHjrDVCYCaeglF2rgr1u2OQIzQ%3D%3D&nvMid=29029192590&catId=50001519
12,13,Apple 아이폰 13 미니 128GB [LG U+],"85,990원",https://cr.shopping.naver.com/adcr.nhn?x=HqSpQuY4GQ7AvX97%2BhKOov%2F%2F%2Fw%3D%3DsJTwePX3%2Be3%2F7f5DMGEDixgbM58ZqRJSzeD3hTFhjLhxN4NgkrPIjlczCBjhk2dSMJOL0QKzyvi3SVfDOwZMMnH09buT0N7s5bUIsty5yh4NDg7Eb2AEFXEt3BDWc7fqth4r8rhbORPICZffqj%2FAKVcv%2BjB2erv%2BZ%2Brrs5VHOiTQgGE7%2BZatKjf5hEf1XctkKisqvSGbN8uI5tCa8RDIL0JbkCnZt3PKDnGtnPfTpWXV9gLRMuJH34gK%2BdKxxm2wLT2orIRCkILVzs7MW8qwakVYRd5fBJq5s%2B7SpRrFB889r6kdrp7BvT8OlwZ7P37YyZp%2FuhVWf5tMOyu5R2EADu15n8v6oNjduFxM6sBFMCKs6JIeyjRJJG8AQSjlBThBK%2Fkpsg5AguUQPduruz0ll4S4K84suS6N23CTXtCISUyMiNvEAyH7XT6ObGe95mRdUsw%2FEBFoDxdMAZ4HSpGP%2F1hwOndwKexWj5cBEbwvYNscOTnITeXUIiGAT3tHOc0GbTKo5CnlLrO%2BPacbML5XxERyfQn9VoGDSREt2avhebqZicchwRNwmJ84TyxvjggzFJSigDcU5y%2Fy9oM3ZrYPALlkAByilQyBE0BBCsyz0Vx8OEsHC78VBLnFZh%2FnDobeN&nvMid=29030431586&catId=50000248
13,14,Apple 아이폰 13 프로 256GB [LG U+],"831,690원",https://cr.shopping.naver.com/adcr.nhn?x=TsXN6Njmxw0ZJfzgavUlm%2F%2F%2F%2Fw%3D%3Ds88ywUrodpXrMawgMzUP5Ot0XqIuRjYHucEOMUdsO7xqGgjNtjvRyY8TaEm3AQ5UwOguBbSsyLC%2FiWYqTFkgHioHcJpCtXkCwL8WTXy5Wb2a99TfCRh%2Bm%2BispSy7pdOq72osNQb%2FC%2BqqSphXr0C1l2N9%2BKy%2Fm0d%2BgYWHtEf61Jo5CNclKwvLyA%2Fys%2F%2FHPPajL%2FchmJsHbf2PpzOdNGLpJCWNmcbgLr0lu2cCLGgyX7c9vsepmwRk8o%2FCB4DgHhnjVzCLgL8%2Bz90W8pE9SRBBMdlg7gCbqmWxpcdI7rnSPXIU%2Fa18qhDQ1A%2FKJp3fgBDor391W%2FC1w5SVs2sYtTdFSes0etF%2BT1xbEKmxRUO40Rh9qLzcRVswO%2FNXTrA15l4GNYd6P7bKnf6IN9iERvhRLC8G68m6sa%2BveW%2BZsaubJ0KOcPfwzF9ktWcxdrcTtO8KUh7eRXhvx%2B18MP%2FzLgC0qJXTg%2FsEJVpHzqP6kybO7iXkHyKwMIinsXLRIwPAEQA4X2UjohpK7sZyY83SOIj%2FwoEF%2BXRe8RkQq7zSHG%2BQ6NhJPwCXFJiRdosf3os3K%2FWn1DBkLICCXAtGOz5qo4R67jT7BSzpN7egB%2BcA1z%2FrDAW3Njqh%2FZemCCOboDhnweAmG&nvMid=29030415586&catId=50000248
14,15,Apple 아이폰 13 512GB [자급제],"1,328,900원",https://cr.shopping.naver.com/adcr.nhn?x=UtmqlHyOVT0Vu1PuRBIGxv%2F%2F%2Fw%3D%3DsA62%2FdTv3ADUxjce2pl4lltsY785PqM0CI76GfEeWQ8tN4NgkrPIjlczCBjhk2dSM6wICI59CQx%2BF0WZVu%2F788n09buT0N7s5bUIsty5yh4NDg7Eb2AEFXEt3BDWc7fqth4r8rhbORPICZffqj%2FAKVcv%2BjB2erv%2BZ%2Brrs5VHOiTQgGE7%2BZatKjf5hEf1XctkKd9m%2BLxP%2FPGMcWnBQjed9gpbkCnZt3PKDnGtnPfTpWXV9gLRMuJH34gK%2BdKxxm2wLT2orIRCkILVzs7MW8qwakVYRd5fBJq5s%2B7SpRrFB889r6kdrp7BvT8OlwZ7P37YyZp%2FuhVWf5tMOyu5R2EADu6BQkguMO4iDeNfvQicX%2Bec6JIeyjRJJG8AQSjlBThBKRuaDR2LrEXFDwvTptY5wkfwoLUR5VhRAPjINR4zOtXoiNvEAyH7XT6ObGe95mRdUsw%2FEBFoDxdMAZ4HSpGP%2F1lZ%2FIaG84qELmyiDCU5aC6qE4FQdvRmo7oxOSvwywmchwab2ymTI6osxemUeeS5O8wt76yR%2FhiRBsGXu1w4wYUgRpOFzCbaM6OU97uoPifjrGlhZylcQfu7PNAxK7CwrTuGIgSogFqYsELQhKRxT1zeCqA6%2BrrPkSkQjk3bFq%2FUy&nvMid=29030496586&catId=50001519
15,16,Apple 아이폰 13 미니 256GB [LG U+],"194,000원",https://cr.shopping.naver.com/adcr.nhn?x=ICUgwalIgiZ7RZQ6sYiHBP%2F%2F%2Fw%3D%3DswXQrXqTJVrbRE6hQkSRPII3mH0KOD4jhJMiKarmtxBSGgjNtjvRyY8TaEm3AQ5Uwi53rKdsNemfMkXM1CTpE5YHcJpCtXkCwL8WTXy5Wb2a99TfCRh%2Bm%2BispSy7pdOq72osNQb%2FC%2BqqSphXr0C1l2N9%2BKy%2Fm0d%2BgYWHtEf61Jo5CNclKwvLyA%2Fys%2F%2FHPPajLeYmWQ3q7Vfmvwq%2BPpoL3AGNmcbgLr0lu2cCLGgyX7c9vsepmwRk8o%2FCB4DgHhnjVzCLgL8%2Bz90W8pE9SRBBMdlg7gCbqmWxpcdI7rnSPXIU%2Fa18qhDQ1A%2FKJp3fgBDor391W%2FC1w5SVs2sYtTdFSeu1bGDKyu%2F7prRH9Mnp7rStqLzcRVswO%2FNXTrA15l4GNYd6P7bKnf6IN9iERvhRLC0uHSHAUMGdOPByTMK9PX8WcPfwzF9ktWcxdrcTtO8KUh7eRXhvx%2B18MP%2FzLgC0qJby0W5mjv%2Fw8F%2Fs1QNhsn6gHyKwMIinsXLRIwPAEQA4X2UjohpK7sZyY83SOIj%2FwoLyz2cbiyHDvDzfTapvFUDNPwCXFJiRdosf3os3K%2FWn11qe7IRkJIzbxs4avDRxf7GXYW7NE%2By5d6iyKR8Qo9hPNjqh%2FZemCCOboDhnweAmG&nvMid=29030376589&catId=50000248
16,17,Apple 아이폰 13 프로 1TB [자급제],"1,902,850원",https://cr.shopping.naver.com/adcr.nhn?x=p4Qi87PWTQXMewDRL4KtEv%2F%2F%2Fw%3D%3DsLLK07jJ3p8toBdFGBGr2AD1QMnT5r38MZlMUBwYG7opN4NgkrPIjlczCBjhk2dSM8popa4jagiYbY%2Fu5Bi0wXH09buT0N7s5bUIsty5yh4NDg7Eb2AEFXEt3BDWc7fqth4r8rhbORPICZffqj%2FAKVcv%2BjB2erv%2BZ%2Brrs5VHOiTQgGE7%2BZatKjf5hEf1XctkKCqMGcFvs80%2Bm9t1aozn63JbkCnZt3PKDnGtnPfTpWXV9gLRMuJH34gK%2BdKxxm2wLT2orIRCkILVzs7MW8qwakVYRd5fBJq5s%2B7SpRrFB889r6kdrp7BvT8OlwZ7P37YyZp%2FuhVWf5tMOyu5R2EADuyJROWahhifNTn75bhXfJfY6JIeyjRJJG8AQSjlBThBKRuaDR2LrEXFDwvTptY5wkVujK8JsjkX5vbThvszTSdkiNvEAyH7XT6ObGe95mRdUsw%2FEBFoDxdMAZ4HSpGP%2F1tWAoDzpqjivMYNewfUaVH5D%2FkFMO4s7sTx4sbc7XXXQvaOjGxMtdSZf0nL3LrxHbJVKc2TB9WPgu5DivDTxnxhPwCXFJiRdosf3os3K%2FWn1xDzlansmHapOvB1YrwpF9dW%2FUjgHV6IEzQ1nOA4fXqNoaKZHilHbuauHUigNM5KA&nvMid=29029192588&catId=50001519
17,18,Apple 아이폰 13 프로 128GB [LG U+],"632,990원",https://cr.shopping.naver.com/adcr.nhn?x=G5SuOG0wwJkowL1UB%2F2aA%2F%2F%2F%2Fw%3D%3Ds6Nvh%2FuJvoZBieFBl3bs7ZLH6wNvK8xjiE%2BQHjO%2Bidj%2BGgjNtjvRyY8TaEm3AQ5Uw%2FB%2Bq3M0v0E4QWwOzkwjmDIHcJpCtXkCwL8WTXy5Wb2a99TfCRh%2Bm%2BispSy7pdOq72osNQb%2FC%2BqqSphXr0C1l2N9%2BKy%2Fm0d%2BgYWHtEf61Jo5CNclKwvLyA%2Fys%2F%2FHPPajL%2FHNuqNLq1In6IsDDJHfZwGNmcbgLr0lu2cCLGgyX7c9vsepmwRk8o%2FCB4DgHhnjVzCLgL8%2Bz90W8pE9SRBBMdlg7gCbqmWxpcdI7rnSPXIU%2Fa18qhDQ1A%2FKJp3fgBDor391W%2FC1w5SVs2sYtTdFSeu0nLB0P9lBTRjncXMUqZx1qLzcRVswO%2FNXTrA15l4GNYd6P7bKnf6IN9iERvhRLCxdWgXBLtZ4vptqts7yqaGucPfwzF9ktWcxdrcTtO8KUh7eRXhvx%2B18MP%2FzLgC0qJRZQL3TdB6ucCZA%2FS9JD78IHyKwMIinsXLRIwPAEQA4X2UjohpK7sZyY83SOIj%2FwoOSxs%2BZ3p5AU%2FICJaorG8mRPwCXFJiRdosf3os3K%2FWn1uRqfIuy83d6TxolrRKBCL4eROlkf2%2BO%2FKNqBmktRt57Njqh%2FZemCCOboDhnweAmG&nvMid=29030175590&catId=50000248
18,19,Apple 아이폰 13 미니 512GB [LG U+],"417,790원",https://cr.shopping.naver.com/adcr.nhn?x=pYeUPzudnATumoxSzd5FKv%2F%2F%2Fw%3D%3DsVE1%2BSCItzEeA3YpTIkFc5yELKTDJpb4Fmb2MU1ihGDyGgjNtjvRyY8TaEm3AQ5UwSYh3DriDXkA17KfloxWpQIHcJpCtXkCwL8WTXy5Wb2a99TfCRh%2Bm%2BispSy7pdOq72osNQb%2FC%2BqqSphXr0C1l2N9%2BKy%2Fm0d%2BgYWHtEf61Jo5CNclKwvLyA%2Fys%2F%2FHPPajLdYhB9y4xrNslRGxEX7B2N2NmcbgLr0lu2cCLGgyX7c9vsepmwRk8o%2FCB4DgHhnjVzCLgL8%2Bz90W8pE9SRBBMdlg7gCbqmWxpcdI7rnSPXIU%2Fa18qhDQ1A%2FKJp3fgBDor391W%2FC1w5SVs2sYtTdFSesps2sSqkgTa4pZZ73eToJdqLzcRVswO%2FNXTrA15l4GNYd6P7bKnf6IN9iERvhRLCzMsiK393tMC8jySrC%2B7Vy2cPfwzF9ktWcxdrcTtO8KUh7eRXhvx%2B18MP%2FzLgC0qJWnW31FRNxjRoXXkSj5PkWsHyKwMIinsXLRIwPAEQA4X2UjohpK7sZyY83SOIj%2FwoBOJjNQUUYZJfQD1YAAbdABPwCXFJiRdosf3os3K%2FWn13MXchoqE%2Bc%2B2SXqK7OZon%2BvgqbLt%2Frl4Q%2FjawrX9hGHNjqh%2FZemCCOboDhnweAmG&nvMid=29030419586&catId=50000248
19,20,Apple 아이폰 13 프로 맥스 256GB [LG U+],"959,590원",https://cr.shopping.naver.com/adcr.nhn?x=KoWM8PzJCnwh1Bukd6srQf%2F%2F%2Fw%3D%3DshE7b%2FpsIXsRMJPbvd5qpkmZpOnLDo2NeO1%2FuWSUUTUPrlQPyQuHoHFsppYbPEdHaA%2BFZNc4V8G9ctBLqPrUr%2Fj02i0psU7vwuISa3NogaidIWqaG65E%2B%2FnYHhUeNrRNqWL9LdJGpvn0YwfTRYq0Vp4ZnlrSZr8PDPdBCvs8uWtdeJxHcKH4rYUhc5SxvGs%2FQ7wSV%2BTNvRpjPuhplTV7V0SJO7jbxAC%2FhHJnJbE9pD225SET%2FmTh%2Bwr3iKnDGr9FRgw15qj6RIotcQ%2FS1VkhDBYJR6gV00gYoZaXd6deWodOAbCY81f975eS5nfR25FBiP83WAv8GAIoQ0MwLPWeb%2FdzdgFyYbWo%2FkqTb7v%2BOSp4hIW%2Fufm4Ai1g%2Bbn5o8FWg5HUJqI12Vlp80UoFc6QYeHCdPJLPvy%2BTeLKBd1e%2Ft4qgIX25kXOk%2FUPdTKqFSCOqDgcKWP7TrEwfWP0fV1BFewstxKXYfuaTY89uFKbdXCAl7TVmKFTPOLfoqYuTrHyZhOBUHb0ZqO6MTkr8MsJnIZ235nX1k0q%2FrLcj75AQVq2w4o99q45RWdjzHA%2B14IEBEs8cFUTVf2EXpmSuc9bAhKe7xDLL3jMaU4yV6oFtern9SwTHwQeqmOFc125xCkr9HRyPBWbUFRhWScTsgQynPg%3D%3D&nvMid=29030190586&catId=50000248
20,21,Apple 아이폰 13 128GB [LG U+],"424,690원",https://cr.shopping.naver.com/adcr.nhn?x=ybCqqfliFwVe2Crh8FoFAv%2F%2F%2Fw%3D%3DsTRXVAqRDUu8pR1j7unrM8pQk3EJrlHFDQW5hKxcFLFbrlQPyQuHoHFsppYbPEdHa5cgdGTGi5T774pEyBeysDNnHAHVCHqFUza2fSUz7t9JIWqaG65E%2B%2FnYHhUeNrRNqWL9LdJGpvn0YwfTRYq0Vp4ZnlrSZr8PDPdBCvs8uWtdeJxHcKH4rYUhc5SxvGs%2FQJT%2FLdyNAzMa%2BbHDFlFqnOiJO7jbxAC%2FhHJnJbE9pD225SET%2FmTh%2Bwr3iKnDGr9FRgw15qj6RIotcQ%2FS1VkhDBYJR6gV00gYoZaXd6deWodOAbCY81f975eS5nfR25FBiP83WAv8GAIoQ0MwLPWeb%2Ff7uRk5XqgvZpmNZ2wME%2B%2FQhIW%2Fufm4Ai1g%2Bbn5o8FWg5HUJqI12Vlp80UoFc6QYeNQqTo7S3YadJzlDs44dNdCgIX25kXOk%2FUPdTKqFSCOqDgcKWP7TrEwfWP0fV1BFe07hmrx%2BVAbS%2FSdadVwoJvWaU9qNqKx0Qc11MwuBOlFmrao8qS4hfxVZCl5WtKd9Z5rX8miyFjVr2J72ilZziy1icchwRNwmJ84TyxvjggzFVzF9AJFCDMf4%2Fwpn%2FzcVmXSG903eDiRugXkLLIswGA0OEsHC78VBLnFZh%2FnDobeN&nvMid=29030372586&catId=50000248
21,22,Apple 아이폰 13 프로 맥스 128GB [LG U+],"818,090원",https://cr.shopping.naver.com/adcr.nhn?x=2zmrf3ye44wbm%2BBQkbpk8f%2F%2F%2Fw%3D%3DsSevjoRcwfufanXX3hVVgoA1qmYSnMO2uQPH9%2Bx9L11NN4NgkrPIjlczCBjhk2dSM4QbuwViwT5WmGSi%2FuCU6hH09buT0N7s5bUIsty5yh4NDg7Eb2AEFXEt3BDWc7fqth4r8rhbORPICZffqj%2FAKVcv%2BjB2erv%2BZ%2Brrs5VHOiTQgGE7%2BZatKjf5hEf1XctkKOk8u93tF6OAhEv8QijrI6ZbkCnZt3PKDnGtnPfTpWXV9gLRMuJH34gK%2BdKxxm2wLT2orIRCkILVzs7MW8qwakVYRd5fBJq5s%2B7SpRrFB889r6kdrp7BvT8OlwZ7P37YyZp%2FuhVWf5tMOyu5R2EADu305e5dFIzybrdlNGWZD%2BG46JIeyjRJJG8AQSjlBThBK%2Fkpsg5AguUQPduruz0ll4WUpLKxX6NIrMbDYkah2%2BB4iNvEAyH7XT6ObGe95mRdUsw%2FEBFoDxdMAZ4HSpGP%2F1mbbRE4sNae2UQATiGzSdWo%2BYS%2F%2BLHYOR26DZYLoloGYQbJE2qH6sAOiEA%2FCWTmW%2B9Wv9LNSmXjE9enjfCW3QMdq4m%2BBkOcsuUaM4uWVBY4cJwUiS%2BH%2FKvyoIlO3ylisDraGupneaCEyGcrrv1xJwjZWhZ3SMHTcLlpircdRzUgq1JIslBmdxaTx7xO1%2BPPoWw%3D%3D&nvMid=29030352586&catId=50000248
22,23,Apple 아이폰 13 프로 512GB [LG U+],"1,097,390원",https://cr.shopping.naver.com/adcr.nhn?x=vfHuC4hWjZSP6gTzHJxZTf%2F%2F%2Fw%3D%3Dsb4%2BamJzne%2F6r4xFoLE%2Bc0epNCh2OxbJurxYoa3kgXHzrlQPyQuHoHFsppYbPEdHa5wi13KMRNieyxMJ%2F2%2B%2FGKD02i0psU7vwuISa3NogaidIWqaG65E%2B%2FnYHhUeNrRNqWL9LdJGpvn0YwfTRYq0Vp4ZnlrSZr8PDPdBCvs8uWtdeJxHcKH4rYUhc5SxvGs%2FQSPWiJ7SXrJmKgRhytiKLlyJO7jbxAC%2FhHJnJbE9pD225SET%2FmTh%2Bwr3iKnDGr9FRgw15qj6RIotcQ%2FS1VkhDBYJR6gV00gYoZaXd6deWodOAbCY81f975eS5nfR25FBiP83WAv8GAIoQ0MwLPWeb%2FaRo4UjXs%2B72iRxZNOkgkIshIW%2Fufm4Ai1g%2Bbn5o8FWg5HUJqI12Vlp80UoFc6QYeK8W7ac4MQ777vBveMTe%2BcqgIX25kXOk%2FUPdTKqFSCOqDgcKWP7TrEwfWP0fV1BFe9zC5Ok%2BGRIgi5WcssAqmuYEiaNfJtI8%2BWxAc1EGc8qsV5wvSck0MfgYLl2aZJDmmi0H4EnrBketNswoSG1CUqyBJEFTMuYQWQtxOL6oBcma0ySvEtvTZUsP%2B9zg2kp08nxJm6OWDnF9pHiLFnpor6xWhZ3SMHTcLlpircdRzUgq1JIslBmdxaTx7xO1%2BPPoWw%3D%3D&nvMid=29030295586&catId=50000248
23,24,Apple 아이폰 13 256GB [LG U+],"543,890원",https://cr.shopping.naver.com/adcr.nhn?x=4fPJhf3ZzNLbCmYonkd1tf%2F%2F%2Fw%3D%3DsxhX14TjzkUQZ7fRhvuhpcU7u%2FyvnkSqknLcfFQnqEUfrlQPyQuHoHFsppYbPEdHaXO5AyzJag%2Ftoijdum%2BLTbnLLuwGbxvSShEF%2BeQNoJPtIWqaG65E%2B%2FnYHhUeNrRNqWL9LdJGpvn0YwfTRYq0Vp4ZnlrSZr8PDPdBCvs8uWtdeJxHcKH4rYUhc5SxvGs%2FQAMSjwVcmY%2FAAtFSXsxq78CJO7jbxAC%2FhHJnJbE9pD225SET%2FmTh%2Bwr3iKnDGr9FRgw15qj6RIotcQ%2FS1VkhDBYJR6gV00gYoZaXd6deWodOAbCY81f975eS5nfR25FBiP83WAv8GAIoQ0MwLPWeb%2FRRVamtIhvJ5kwZKgCo50BchIW%2Fufm4Ai1g%2Bbn5o8FWg5HUJqI12Vlp80UoFc6QYeJeMujc3iS5yJ3vJxth0rUqgIX25kXOk%2FUPdTKqFSCOqDgcKWP7TrEwfWP0fV1BFe2Ek745LuQxZpUTiBCxw9wqaU9qNqKx0Qc11MwuBOlFmGOrT%2Fp1vUjNFLW%2B3Uk0qi2QBviYLgir9CYMfnqYqbn5icchwRNwmJ84TyxvjggzF5bEzkA1tvZf0ivkeeujrAjxwYK5eJhUbO9tgjyFJJPIOEsHC78VBLnFZh%2FnDobeN&nvMid=29030189588&catId=50000248
24,25,Apple 아이폰 13 512GB [LG U+],"838,990원",https://cr.shopping.naver.com/adcr.nhn?x=FI%2F9HDuTlDItoHdP8Ilq0P%2F%2F%2Fw%3D%3DsQXaZ7Lxoqnflf4PQdAyjZawKWEW8rqIbdsbJnqckj8LrlQPyQuHoHFsppYbPEdHa5O5A8GltlWTkTxCXVJJBW6gwxcmP9JAreEXHRj3W%2FqJIWqaG65E%2B%2FnYHhUeNrRNqWL9LdJGpvn0YwfTRYq0Vp4ZnlrSZr8PDPdBCvs8uWtdeJxHcKH4rYUhc5SxvGs%2FQeC%2FCX7h%2F3kFml6V6wbycsCJO7jbxAC%2FhHJnJbE9pD225SET%2FmTh%2Bwr3iKnDGr9FRgw15qj6RIotcQ%2FS1VkhDBYJR6gV00gYoZaXd6deWodOAbCY81f975eS5nfR25FBiP83WAv8GAIoQ0MwLPWeb%2FZvWvEUGuZPiFLFG04o7AaghIW%2Fufm4Ai1g%2Bbn5o8FWg5HUJqI12Vlp80UoFc6QYeOkNyZCcbPQt8tppHbI3EeWgIX25kXOk%2FUPdTKqFSCOqDgcKWP7TrEwfWP0fV1BFex1TjIhUTeCndeTU5sxAXtSaU9qNqKx0Qc11MwuBOlFm2qRqqkmRjzDmmzADhw5%2BZ4XaskkvHNRxazcUtQgQp%2BFicchwRNwmJ84TyxvjggzFZvS9cxpjmB5WbbPHWSPpPrZUsSxxTBSDuiR2GyX68UoOEsHC78VBLnFZh%2FnDobeN&nvMid=29030296586&catId=50000248
25,26,Apple 아이폰 13 프로 맥스 512GB [LG U+],"1,305,190원",https://cr.shopping.naver.com/adcr.nhn?x=BXdH6GtMk8A63uEPMRj3hv%2F%2F%2Fw%3D%3DsxFmV0k%2Fou1A6kHTxWooY%2F5T2vjBOGz6BsLzKLISZlVlN4NgkrPIjlczCBjhk2dSMpRpqai8OAKJHYrrb5u4wG309buT0N7s5bUIsty5yh4NDg7Eb2AEFXEt3BDWc7fqth4r8rhbORPICZffqj%2FAKVcv%2BjB2erv%2BZ%2Brrs5VHOiTQgGE7%2BZatKjf5hEf1XctkKkudjYGzwd3tis7HEL5VwoZbkCnZt3PKDnGtnPfTpWXV9gLRMuJH34gK%2BdKxxm2wLT2orIRCkILVzs7MW8qwakVYRd5fBJq5s%2B7SpRrFB889r6kdrp7BvT8OlwZ7P37YyZp%2FuhVWf5tMOyu5R2EADu2oEdtqqkBR8ppqziPOGHJ06JIeyjRJJG8AQSjlBThBK%2Fkpsg5AguUQPduruz0ll4TgknlscqZJPz9WRAY4nLvQiNvEAyH7XT6ObGe95mRdUsw%2FEBFoDxdMAZ4HSpGP%2F1ooxK4oNyEnYnImnO7rEtZHg9HL5PY042frnJDEEQETmQbJE2qH6sAOiEA%2FCWTmW%2B5KpQpvAJ6%2FRlQlFr4HhyvAEd6ZmXtq9HXKA%2F9qzm3dnr9nOjhsmxeb%2FzxRtDuMuDReWQIfKf%2BPQszuXUXbQMksDfkLIyuldBS3f8m8e6nLmzUhNzs2VE%2B%2Bisqs3JAEppg%3D%3D&nvMid=29030181590&catId=50000248
26,27,Apple 아이폰 13 프로 1TB [LG U+],"1,426,190원",https://cr.shopping.naver.com/adcr.nhn?x=zhMIghYYDenBFL8RJ%2F%2FOBv%2F%2F%2Fw%3D%3Ds5S9LNgsKTgbIFI53Pq2ObwhVoHPaSbVTrO0pqawcLheGgjNtjvRyY8TaEm3AQ5UwYuIfQbKwpGKfsGUUuDPsp4HcJpCtXkCwL8WTXy5Wb2a99TfCRh%2Bm%2BispSy7pdOq72osNQb%2FC%2BqqSphXr0C1l2N9%2BKy%2Fm0d%2BgYWHtEf61Jo5CNclKwvLyA%2Fys%2F%2FHPPajLu3M6JhG%2FsadIzTtu0T5M22NmcbgLr0lu2cCLGgyX7c9vsepmwRk8o%2FCB4DgHhnjVzCLgL8%2Bz90W8pE9SRBBMdlg7gCbqmWxpcdI7rnSPXIU%2Fa18qhDQ1A%2FKJp3fgBDor391W%2FC1w5SVs2sYtTdFSeo5muT7pmptjMW2%2BhVwpTE9qLzcRVswO%2FNXTrA15l4GNYd6P7bKnf6IN9iERvhRLC9sUX76dSdo1OkbacppkZEWcPfwzF9ktWcxdrcTtO8KUh7eRXhvx%2B18MP%2FzLgC0qJW0RgKJvckmX%2B42Q7I%2ByApb5YbLlxragaaIQX6kJDBj8D6QkZjCZcMNTR4jeTmX45XLNCiyKlEHWeAnfZTWNBnytqaMHAJkj0DAJXiYJNZCZuzXts3DCgq06yjCi%2F5ZLLdu4IQCsp77Q%2BX4HLOE4j3BoaKZHilHbuauHUigNM5KA&nvMid=29030294586&catId=50000248
27,28,Apple 아이폰 13 프로 맥스 1TB [LG U+],"1,580,190원",https://cr.shopping.naver.com/adcr.nhn?x=nyvxjn3K774kb605c%2FMsFf%2F%2F%2Fw%3D%3Dsi56DxIJqT8LbDBIGx0C2M6ob346F4%2FYiDAkI%2FOjnnhqGgjNtjvRyY8TaEm3AQ5UwVpKMQmHg43e%2F4UV5mdXzAYHcJpCtXkCwL8WTXy5Wb2a99TfCRh%2Bm%2BispSy7pdOq72osNQb%2FC%2BqqSphXr0C1l2N9%2BKy%2Fm0d%2BgYWHtEf61Jo5CNclKwvLyA%2Fys%2F%2FHPPajL%2BVDbCdrum3DdlTmOKFgbp2NmcbgLr0lu2cCLGgyX7c9vsepmwRk8o%2FCB4DgHhnjVzCLgL8%2Bz90W8pE9SRBBMdlg7gCbqmWxpcdI7rnSPXIU%2Fa18qhDQ1A%2FKJp3fgBDor391W%2FC1w5SVs2sYtTdFSen53LTUBq4rjsD59jcrTrQdqLzcRVswO%2FNXTrA15l4GNYd6P7bKnf6IN9iERvhRLC0ocOy2I1s8FGu3SM7YkSw%2BcPfwzF9ktWcxdrcTtO8KUh7eRXhvx%2B18MP%2FzLgC0qJVOBpL3kKBeNwNuOk45o3IV1cxzqPhF7mZYjo%2Bi3Jq6oSZv9Z3vZVGXYiyeb1%2FD5s449%2BqKLexcRyQWasbTPXzIuiQasb%2BpZnzOJWFlT2ePqj%2FaM5nVf1rOXk0fVU4woW6YpkuyvexfShdU29%2F4kX6xvU2Y6hEEwGxc1AZfON9sL4VRAH%2BsMDObarUodGweR8Q%3D%3D&nvMid=29030181587&catId=50000248
28,29,Apple 아이폰 13 mini 자급제 256GB 핑크,"1,009,820원",https://cr.shopping.naver.com/adcr.nhn?x=WhTCeMnnNcmv4kIhnKVylP%2F%2F%2Fw%3D%3Dsu1vdzPcPeGqo%2B%2F8zxT1BNQyGF2LmLNQcX91dlyLv4fuGgjNtjvRyY8TaEm3AQ5UwDflfB2gAUxP6P6ZOiYufNIHcJpCtXkCwL8WTXy5Wb2a99TfCRh%2Bm%2BispSy7pdOq72osNQb%2FC%2BqqSphXr0C1l2BzWbUP4hsfkDiMh%2FeiprrdhOluJ1tWQQiXRTgst1zfMd6bHlna6LOLB6PkUuNvGbhcZTESvesdOhIGLumEj5VnQKs7VECOCH6RiXWJE6IjEzzD8kJ52UcydmbEOj6RfrJ7e7473nuDHAAnBOHNekItwSuXXLEBv6z%2B3q0lfq9JvwzJsBP3SqyI8qSod1SEenIJR6gV00gYoZaXd6deWodOAbCY81f975eS5nfR25FBiP83WAv8GAIoQ0MwLPWeb%2FTNLIqPW1Z7o4MrrgNGLPPY9jN5iNHI88v5AjErbH%2FKQvX82Y5Ils9cLeBDu1LyZB99yKljTpaCTXH%2BK4e6c3WJLQe74TsdJ8UiO2Ys4UCfLjeP22qwxrpWe5yPpU7pLmEeix5FuBxEY8a%2BgLH%2FlF%2BGGU%2F3UWMGqX53rB7y0kFyMpZF%2BuO2XY48Pfq%2BTHL6fmpbRl4kuYE3Yo4yAdkV5yOTFKs4BoWimgh8z1p3U8tn2UiOz5qXsH0uurdR40566BDzOQB%2FmZet9OYnHaZ%2B%2FkXJQOREmZBZWh%2FXbdPfeFgW2gqgOvq6z5EpEI5N2xav1Mg%3D%3D&nvMid=29064819083&catId=50001519
29,30,Apple 아이폰 13 자급제 핑크 256GB,"1,181,160원",https://cr.shopping.naver.com/adcr.nhn?x=xiw4da3uU8Lx9e2EDxKru%2F%2F%2F%2Fw%3D%3DsmKNpvoH1aYcetMPlGp8SJ7nGbJSbn3OVJGgpPM5ybwACYpaXrkpTZ0FTnmqeb1eBJTKG3ngxJ3SMDVJ%2FH4n62D6DFDWQ6LceOvAHRsBs%2B7BlxYbd5s5IPDE%2BpE%2FJY00b1ljTk5S8Cs0AqeZ1x%2Fjy%2FTMykBI%2Fzq%2B6BKlA%2BLtsshKvWNb7mFsitkT8U8q49Aj3yy9EmnkaU%2FcBSunsMoyBg82WNhLf5P44%2FXb04M1jLfM90TDxqfsWyBqC5BfAej%2FaJBotANCQ%2FXFvGCFWETFS7jQHKaGsLpOaL8NugKRkP5KpEP7IskmFeTGhPotwdXJWT2orIRCkILVzs7MW8qwakVYRd5fBJq5s%2B7SpRrFB889r6kdrp7BvT8OlwZ7P37YyZp%2FuhVWf5tMOyu5R2EADu4tU0RKuZW6NBqq6yC4vtIaGpC%2FCZH%2BqVPSNC41s4%2BvCRuaDR2LrEXFDwvTptY5wkfj2X6%2B%2F4OEuvTzcJJ5Wv15BBbYLgF%2FlaAuPEUA1EI7Lej%2FCSXjJfJBL%2BauOUtIqrPFwJuLnwPo6FDDYua624rgSPibd%2B3ivGgP9w259gF84b5pliHLicsi8S8EtVLaOK%2FhcDbGr3VKySysYT57sZKLL07boOLwoxL6IajskM%2BfZjWsaBhG8by%2B1r3eTFu0zy4Ovd9wM%2BgsAU2yffU5AigzNjqh%2FZemCCOboDhnweAmG&nvMid=29064755783&catId=50001519
30,31,Apple 아이폰 13 mini 자급제 128GB 핑크,"1,070,000원",https://cr.shopping.naver.com/adcr.nhn?x=OOszwKQ%2BC4e4PAL4M%2BF5bf%2F%2F%2Fw%3D%3Ds6uulJWiKRtKFvaZOpKNxay2Dsxu14tdPxXuL1nGpA9CGgjNtjvRyY8TaEm3AQ5UwCjT5ZSb6LD%2BEPoTkSrQcAoHcJpCtXkCwL8WTXy5Wb2a99TfCRh%2Bm%2BispSy7pdOq72osNQb%2FC%2BqqSphXr0C1l2BzWbUP4hsfkDiMh%2FeiprrdhOluJ1tWQQiXRTgst1zfMd6bHlna6LOLB6PkUuNvGbhcZTESvesdOhIGLumEj5VnQKs7VECOCH6RiXWJE6IjEFjr0ogcFUQ9oLgPjJTjLT2FRkMGjmCAmRFA3T92dWRquctWfJLSffIPPJdi0DfxZjioe%2BIMbzTMN6XN81jhPjYJR6gV00gYoZaXd6deWodOAbCY81f975eS5nfR25FBiP83WAv8GAIoQ0MwLPWeb%2FZT55AUmHpG1%2Bm6jwOoAMW49jN5iNHI88v5AjErbH%2FKQvX82Y5Ils9cLeBDu1LyZB7QX4UKb3nrQSdtgG%2BRfs31LQe74TsdJ8UiO2Ys4UCfLjeP22qwxrpWe5yPpU7pLmEeix5FuBxEY8a%2BgLH%2FlF%2BFIIEWVWcSTpDpr0kRP48iQpZF%2BuO2XY48Pfq%2BTHL6fmtPtUNiQgguNrZysjdNAOxSInps05e9HMUCpg4pelFjDNjFnpKpk3A32%2FYTMxCHHapkP85Ce4XhGa9voCLJuFeFQOREmZBZWh%2FXbdPfeFgW2gqgOvq6z5EpEI5N2xav1Mg%3D%3D&nvMid=29619937553&catId=50001519
31,32,애플 아이폰13 미니 128GB 자급제 미개봉 새상품,"694,510원",https://cr.shopping.naver.com/adcr.nhn?x=K2mNvgkpyePugU3Y%2Bx8mvv%2F%2F%2Fw%3D%3Dsny1tCja68mskVfXyNSRWBenLCyU5q8mwsWizkFSHH2CGgjNtjvRyY8TaEm3AQ5UwhJ6DBuTLFBhZ%2BK0NgvL9YYHcJpCtXkCwL8WTXy5Wb2a99TfCRh%2Bm%2BispSy7pdOq72osNQb%2FC%2BqqSphXr0C1l2EuRuCra0V6kWdISE25kd8Fij0CI43p2RihrWL%2Bg8CQWm9XkqSwMHphSdzvcROqelmNdhPZVN4kEyOGLErelqoKH3e51Zi6y8wV6VUNgA9BkypPajD6yKnwusQqEpnlTc5S1yd62COp7ZloUf5Z0DGS%2BRSsulxzuZh91kr9PDkB2uYQKaNOsfGrC%2FH9g6u9LzjPDpGIrabitp2up06DaRfi54J8UO7LDGXdPU9Do8oyMXmq0wb8nQ9S1CNyVqQgAyIMrJwv%2FjJssBexbe1B7x%2FIY%2F%2B40cBRr16OUwRuYtZUTvX82Y5Ils9cLeBDu1LyZB7zy2R%2Ff5xr6I4KNkRtXJIcUIkt5M0yIil13vZMydQVHZlPNCb8kJM%2B%2FUcnhnBT430IxXf1o%2BXsYQmy5KHTeSxB0jUagCFeeFm0LIj%2FuX%2B8S5a1iWhALMgcQf1ck30LIknYzFFnA58IOTMWd1Q7l7O0ldKfsg3HwFFwh%2BdBn1h1XuT3LHYsTijPOJ38PlOyCurJvGjK4VGmSl9eHfzULuEmCGE%2FKRkALIvQI4B4zu0xLnLywBF6TPdyrHi5pSyQkVg1QmAmnoJRdq4K9btjkCM0%3D&nvMid=30681118021&catId=50001519
32,33,Apple 아이폰 13 Pro Max 자급제 시에라 블루 128GB,"1,490,000원",https://cr.shopping.naver.com/adcr.nhn?x=5MvQKywN2HX4iase9qykx%2F%2F%2F%2Fw%3D%3Ds5ARGtb%2BZ3Dg58wB0TmGnC3zEipybc6Tyc8lmEBA4YCbrlQPyQuHoHFsppYbPEdHafpEB4k2MoSMlUJ37woMxDVwSk%2F7br9YTT5spsfl9Y7ZIWqaG65E%2B%2FnYHhUeNrRNqWL9LdJGpvn0YwfTRYq0Vp%2BPYFsKOGABFhj5ZzjFkFAeKjyp0s01e9YG50wI1msUPhccDuMc5z4LdpGHOH3GIHfBfd3z5oWFQQHgBzYAqZP%2FA2xRpF8Yty70fttU%2B%2BrtY6ZPSSeaR9nEJa23CGeOxnc9A9GBSrY%2BOrgfmRk0ajgth3DMDD7nh%2BSJiAtPKB8AjA1%2BV621iulBc7NhvEU8Xk%2FEm4Nr3eBpblmXncSlo7PjDpmNu2Rs3tEPrV0ZTODsbWqyaFa2xLbpwGCJChqMDqq0qIlJeIxAn8TXEmQXQYNQfTN23E7jbw30M5OP81eDCDG4evy%2BM13j64UYOnhTyGVEm8ASsMvhBRVjha61lVcR8xFiiHki%2FIAhpKNJriFwEm3sm0vyUuysXn74k9VUPTbdf09uP0k6V1DAYt7rXQyF72UWQcxix0NucvEUuorXcQv7ZD3u4At%2BaRQynDfo9oKWRfrjtl2OPD36vkxy%2Bn5o9WvFVlkgbZE1oiMT%2BeIHh65cNjXawdWNl7mRfN6kZ78gw9vAgekXCvwaXANiyUZGC8w6cKFdTKkXU3imYjjhX66TomM56jaSJdh607lJoYIKoDr6us%2BRKRCOTdsWr9TI%3D&nvMid=30797875281&catId=50001519
33,34,아이폰 Apple 아이폰13 미니 128GB 기기값 24만원,"246,000원",https://cr.shopping.naver.com/adcr.nhn?x=wuA8A2PagNFwKHCrqS1Fwv%2F%2F%2Fw%3D%3DsdvPCcZgqH4vcRDGcvemDfizZaRRc6HVCisDRArMVLNqGgjNtjvRyY8TaEm3AQ5Uw%2FSdlDJ5aknc8iH6yQDogOoHcJpCtXkCwL8WTXy5Wb2a99TfCRh%2Bm%2BispSy7pdOq7bMPRFhYhTAGo01UJCfWKN8NHgaylo8oOLD%2BoSlOgwQ0CHQNNLjv%2FUbY4TLZErh4672PHxaevof1oz2NGMfJns6lDgoJTOA4l%2BsRbzlJWcjX6agYfQLuClMmqe83bP5Rv334rL%2BbR36BhYe0R%2FrUmjgBSTS1sRv49oBHxm%2Bxq6Hh9R7%2Fkj3%2B%2Fkg8M97hSzvYXpL%2FoMfLynR8LcxOo5d9MZBtX1KiGewk6njQXhFIriI1bQqjDxaRko5chNRokXFjTzfNVo1KcSVSazeZg7M%2BAaVboQPnwU2bAbTQacyPL2i%2B4SQFFVtotOa7WWO1vpH93mKC9v%2FrlmIF0fQDp9ErSEHmb1LOj5OI9T%2BSZ15ICcEdXnzS%2FGWnEe2ZuuRALb8xK3PHBC6%2BF37kQs0B9MDgncKvtUBvfoSsQPvEM6ZWUZTpyXnV6rNC5XiV%2B1IEnZ%2FK6YXaQ8LFYEQlaQpV0QIW6tlaFndIwdNwuWmKtx1HNSCrUkiyUGZ3FpPHvE7X48%2Bhb&nvMid=29860284145&catId=50001519
34,35,Apple 아이폰 13 mini 자급제 256GB 스타라이트,"1,190,000원",https://cr.shopping.naver.com/adcr.nhn?x=82RGIXxM%2Bndu0ZzSrxgvBv%2F%2F%2Fw%3D%3Ds9mTqTG65Y1xN1TZxBrqJzthd185uTJbXA6GqX6VYCW%2FrlQPyQuHoHFsppYbPEdHaJF4BXuTb5Fk%2FLWRcAZq7Se1c2Vjq203ojWTy2E616HtIWqaG65E%2B%2FnYHhUeNrRNqWL9LdJGpvn0YwfTRYq0Vp%2BPYFsKOGABFhj5ZzjFkFAeKjyp0s01e9YG50wI1msUPhccDuMc5z4LdpGHOH3GIHXqfAVVklzQGCd7bqx4WVMSHclbTWNWHDVPTcZA3%2FVZ6NOjGUSAx34tugk%2F5TRAMuTYWOfWAXZ7giYZejNryyzeVTmVAQMBoXSsj5Y1uvZJWZw8ZMV8liuiXSzabJ0EexfEm4Nr3eBpblmXncSlo7PjDpmNu2Rs3tEPrV0ZTODsbWqyaFa2xLbpwGCJChqMDqhAaug3YdJPTuCKAoeF0XpBla2Fd7JAvm%2FwS2NxuR4CTDG4evy%2BM13j64UYOnhTyGQ7KIp6FiV8QnlRGhBJA8fOy%2Fg%2B%2FSRal1BwobMCCgGuXm3sm0vyUuysXn74k9VUPTX2rrUas9sjM2qrv6VpBx9Ar9GPuIDUVzh7mPMOGRS9EkqlSq1rsaYAHbnPXU8TikgZD2DD04EJjPFhVTY1NY4VqZfJ0yjJd0zUDq2iIrjXCuT3LHYsTijPOJ38PlOyCuqOBoEDPqZKHhkG%2Be25tLi1WEZGVpYQ1t0viaOILxQoinLywBF6TPdyrHi5pSyQkVg1QmAmnoJRdq4K9btjkCM0%3D&nvMid=29056389772&catId=50001519
35,36,[사전예약] Apple 아이폰 13 미니 자급제 128GB - 그린 (MNFF3KH/A),"950,000원",https://cr.shopping.naver.com/adcr.nhn?x=iCzORQC5eRVWB8nYdqyi4%2F%2F%2F%2Fw%3D%3Ds5LhF%2FIGGp6T3V7K4lc%2FL27zo57CUht2vFSnExw1G579N4NgkrPIjlczCBjhk2dSMtcZFrhwcMsW%2FYSBKSIlc5H09buT0N7s5bUIsty5yh4NDg7Eb2AEFXEt3BDWc7fqtNmnUaEMKJ8oFB06l5ucLbsVIhUTYq2J1wF4XcKD2AOWkOA3ZateG%2FY8eKxwX1E0NPcqnlDYiGo50BMeMbNBQgV4lHiGhNRucR9hMffALas1IAJ%2FJQ9vsa4G5awamMD3Visext5K2yYkF868rsMDqiRilzIohJ5Qs9%2FhvMj15pjqtiLMW%2Fy1obWqfkg5HtBWXf5S5ycDGuwbfEdv1A6kKwoFQ%2Fs1fF9OLqbrBW5doS0KlB6bTpYbMRjOZr%2FeFTz35a99OvActgDNAJ2OFC2Gfs9QlGTQwN467KQIgjSR1D0EeZwMEml3VGAumWdFVWojyFukzUmGgFPE%2FTBRKcjEy%2BWlOFqOcc9cw4KspeYiYACJ6RGvEmokEqJcbmnDB8rnZZZfm3iJvo1GUGJg7Kj5Pq4xVrzikUmn%2FCZvvHlHyoXWSRNWGEudySp6mWKZ5c0wPhAnxqI5P3Ytlbld6qomq5xESlwjMK5IMUmt7TAmq7E5Xc50eBITwugSNPH3Ok09sVpGw61BSdoQRvEGgfFlc5w%3D%3D&nvMid=83968777328&catId=50001519
36,37,아이폰 13 자급제 128GB 스타라이트 MLPG3KH/A,"1,046,727원",https://cr.shopping.naver.com/adcr.nhn?x=CDy7HSRFYXrbewwMdcqo3f%2F%2F%2Fw%3D%3DsybzGEhh7W84zLaTSMYeB8u60FU0WuzQSY%2FVxR5BtwlOGgjNtjvRyY8TaEm3AQ5UwTre0Cw9Vo1VHLcas23422oHcJpCtXkCwL8WTXy5Wb2a99TfCRh%2Bm%2BispSy7pdOq7hiVFa7XH6Co9DbxsjKvO6A1rxYWWd6fJbWVlhGdtJHkQ8EyrzWBmPrLJhUL5PrJt6BnLZDm15TfssThBqY71TVEcmyw5Y9nmOVxrRXiIus8G7z9hUx%2BOrpJLsbX2U1s1PGOg%2Fyl7828UdDjHxhiabQ8ZLBnd0AjJ11RnRe2tC7wfAKppig2I72ot0qEiF%2BNSyLfRC0o%2FWYDsFhk%2BnF4ktzVCZ4rdk8hPModxsSdH4jzbx5xnE8qDtBQNr2%2F04RwK99ei%2FrQ6MDep8m8t9S0QFFd%2BqILAG09hjAR1K3qLYkDOIe7Y1grsCqYzszPJK8DCxxmsQ%2Bxy4RQoQ7G5yoR8elFfYAQmtmEw%2FTpJZffad%2BmlY0bGstmvRrypnWD8dLMEdU3jIMHDYygLDAOUX%2BXUaQzi%2B2l12arFlZT6nwh0ggZEWJRtJFDAn29UzatfRLV%2BhLNGortbl%2BSSYIiJWomUQ428U6nwBxreOc6yX4wBuboXMcTRg4%2BrCeW%2F7D4Dq%2FE6187fGulNW7EwLr1YsOyE%2F7PyZrdKJEv%2FJ%2FBC%2BnMQ3fQGruH08DlKshetxY8KUEZb&nvMid=30838658535&catId=50001519
37,38,아이폰13 미니 128GB 미개봉 새상품,"724,710원",https://cr.shopping.naver.com/adcr.nhn?x=PQzqCkFuPZq5Bdc210q6oP%2F%2F%2Fw%3D%3DsFAh7tbVDNLS6TvTsvo1u5n7hhzho9sHzYBsi8cExCm9N4NgkrPIjlczCBjhk2dSMNgABhrTXI0zntQIAg4wzrX09buT0N7s5bUIsty5yh4NDg7Eb2AEFXEt3BDWc7fqtNnAZeDKlxucWF5mOWOpdkFVYZ5bt8C2qIgIK%2BKcb50OQ5Hn22Pw%2FjgdMbqt66tJcJ0jYVH6Yd%2B%2BgyxHsXWcL6HjGzEOpj1zuLugOpUmqNYFPkoMHZf%2BlFTdoL%2Fq%2BvITsT2orIRCkILVzs7MW8qwakVYRd5fBJq5s%2B7SpRrFB889r6kdrp7BvT8OlwZ7P37YyZp%2FuhVWf5tMOyu5R2EADu4imtOK23bXNMXpJ6mxrgkqvGfcWCgHnl7rBsTIEcSdEmKU6GyEh3Sj%2BobJ02TEZf0awaB4RK5iw3NtCoGn2GC%2BRwmEFTS5NbnE2OGexLVOFlWfd0Ys9Qvo43j%2FIMX7B%2FV1rm3tLZhiwkFTVnV6iEcpJ5I%2F0WJpz%2BikM6D7MA9%2FT9jU8YEvD%2BYK%2BnogIlZoyWPZA8sWo8qAbWkyWiXbf%2BggaIbT4wPT2RVq4kndhIVrUtUL05vMKQ9jAD84erCqgMFbuSwa8aLO7Y9gFFuEuB%2BrLVWGr8fvvH1mWvUgXPK6j&nvMid=30717422258&catId=50001519
38,39,아이폰13 프로 맥스 128G 자급제 미개통 새상품,"1,255,410원",https://cr.shopping.naver.com/adcr.nhn?x=KhLU0ULmoIkBGGdB1lwSMv%2F%2F%2Fw%3D%3DsHs0wXFzj2%2BfpiMLg4wJ1Y7wGVh7OsKm4pS%2BxBTbSiItN4NgkrPIjlczCBjhk2dSMcAMLACO9MNA2iqowMlJeD309buT0N7s5bUIsty5yh4NDg7Eb2AEFXEt3BDWc7fqtXaEt%2F3wPRxGRAUlq5pahsY41FVW4KFopfFaQ9bivvWhqzBXWPbtXf%2Bl9pVE572w%2B0TIsYIDYYpqPj7ulmAicpSgiPJM9JW%2Fr0MErN4nAONFPaishEKQgtXOzsxbyrBqRVhF3l8Emrmz7tKlGsUHzz2vqR2unsG9Pw6XBns%2FftjJmn%2B6FVZ%2Fm0w7K7lHYQAO7Oqm2yMqTTVZjahHFjB8VdFd%2BqILAG09hjAR1K3qLYkCYURSxkFz0c5DH8Gc5FbtQElRLJUH7SS2iZ3sa0dpLYqDPSFYORZXI8IVKbPEbyKiYdvte9C3P4dbNHLq%2F8g35T8rhWeX6dmx1fUIM1hqGY3Umm3szFmlCuqSJNu%2BRJI5s4kSnIUT%2B3twRsCCJRLf5VCst91PBg9Eeempryn%2F%2F4ZBiD%2BwpaQf%2FIgH77Kwo0sYUSiup07nBArhvAMulGeGXT7xwVm76HQGKWdeUHsVGRgT1inVZ1JnuWg%2B1xS%2F55AGCqA6%2BrrPkSkQjk3bFq%2FUy&nvMid=30259224848&catId=50001519
